-- MySQL dump 10.13  Distrib 5.5.40, for debian-linux-gnu (x86_64)
--
-- Host: localhost    Database: panyar_lara
-- ------------------------------------------------------
-- Server version	5.5.40-0ubuntu0.14.04.1

/*!40101 SET @OLD_CHARACTER_SET_CLIENT=@@CHARACTER_SET_CLIENT */;
/*!40101 SET @OLD_CHARACTER_SET_RESULTS=@@CHARACTER_SET_RESULTS */;
/*!40101 SET @OLD_COLLATION_CONNECTION=@@COLLATION_CONNECTION */;
/*!40101 SET NAMES utf8 */;
/*!40103 SET @OLD_TIME_ZONE=@@TIME_ZONE */;
/*!40103 SET TIME_ZONE='+00:00' */;
/*!40014 SET @OLD_UNIQUE_CHECKS=@@UNIQUE_CHECKS, UNIQUE_CHECKS=0 */;
/*!40014 SET @OLD_FOREIGN_KEY_CHECKS=@@FOREIGN_KEY_CHECKS, FOREIGN_KEY_CHECKS=0 */;
/*!40101 SET @OLD_SQL_MODE=@@SQL_MODE, SQL_MODE='NO_AUTO_VALUE_ON_ZERO' */;
/*!40111 SET @OLD_SQL_NOTES=@@SQL_NOTES, SQL_NOTES=0 */;

--
-- Table structure for table `categories`
--

DROP TABLE IF EXISTS `categories`;
/*!40101 SET @saved_cs_client     = @@character_set_client */;
/*!40101 SET character_set_client = utf8 */;
CREATE TABLE `categories` (
  `id` int(10) unsigned NOT NULL AUTO_INCREMENT,
  `name` varchar(255) COLLATE utf8_unicode_ci NOT NULL,
  `created_at` timestamp NOT NULL DEFAULT '0000-00-00 00:00:00',
  `updated_at` timestamp NOT NULL DEFAULT '0000-00-00 00:00:00',
  PRIMARY KEY (`id`)
) ENGINE=InnoDB AUTO_INCREMENT=221 DEFAULT CHARSET=utf8 COLLATE=utf8_unicode_ci;
/*!40101 SET character_set_client = @saved_cs_client */;

--
-- Dumping data for table `categories`
--

LOCK TABLES `categories` WRITE;
/*!40000 ALTER TABLE `categories` DISABLE KEYS */;
INSERT INTO `categories` VALUES (1,'illum','2015-01-07 22:56:20','2015-01-07 22:56:20'),(2,'perspiciatis','2015-01-07 22:56:21','2015-01-07 22:56:21'),(3,'tempore','2015-01-07 22:56:21','2015-01-07 22:56:21'),(4,'nemo','2015-01-07 22:56:21','2015-01-07 22:56:21'),(5,'omnis','2015-01-07 22:56:21','2015-01-07 22:56:21'),(6,'aut','2015-01-07 22:56:21','2015-01-07 22:56:21'),(7,'aut','2015-01-07 22:56:21','2015-01-07 22:56:21'),(8,'reiciendis','2015-01-07 22:56:21','2015-01-07 22:56:21'),(9,'cupiditate','2015-01-07 22:56:21','2015-01-07 22:56:21'),(10,'ipsam','2015-01-07 22:56:21','2015-01-07 22:56:21'),(11,'praesentium','2015-01-13 08:45:25','2015-01-13 08:45:25'),(12,'voluptas','2015-01-13 08:45:26','2015-01-13 08:45:26'),(13,'quidem','2015-01-13 08:45:26','2015-01-13 08:45:26'),(14,'eius','2015-01-13 08:45:26','2015-01-13 08:45:26'),(15,'deserunt','2015-01-13 08:45:26','2015-01-13 08:45:26'),(16,'quae','2015-01-13 08:45:26','2015-01-13 08:45:26'),(17,'et','2015-01-13 08:45:26','2015-01-13 08:45:26'),(18,'dolores','2015-01-13 08:45:26','2015-01-13 08:45:26'),(19,'sint','2015-01-13 08:45:26','2015-01-13 08:45:26'),(20,'est','2015-01-13 08:45:26','2015-01-13 08:45:26'),(21,'aut','2015-01-14 09:58:31','2015-01-14 09:58:31'),(22,'et','2015-01-14 09:58:31','2015-01-14 09:58:31'),(23,'ut','2015-01-14 09:58:31','2015-01-14 09:58:31'),(24,'consectetur','2015-01-14 09:58:31','2015-01-14 09:58:31'),(25,'quia','2015-01-14 09:58:31','2015-01-14 09:58:31'),(26,'quibusdam','2015-01-14 09:58:31','2015-01-14 09:58:31'),(27,'quia','2015-01-14 09:58:31','2015-01-14 09:58:31'),(28,'aliquid','2015-01-14 09:58:31','2015-01-14 09:58:31'),(29,'perspiciatis','2015-01-14 09:58:31','2015-01-14 09:58:31'),(30,'molestias','2015-01-14 09:58:31','2015-01-14 09:58:31'),(31,'recusandae','2015-01-14 10:01:18','2015-01-14 10:01:18'),(32,'odio','2015-01-14 10:01:18','2015-01-14 10:01:18'),(33,'aut','2015-01-14 10:01:18','2015-01-14 10:01:18'),(34,'numquam','2015-01-14 10:01:18','2015-01-14 10:01:18'),(35,'eum','2015-01-14 10:01:18','2015-01-14 10:01:18'),(36,'facere','2015-01-14 10:01:18','2015-01-14 10:01:18'),(37,'libero','2015-01-14 10:01:18','2015-01-14 10:01:18'),(38,'deserunt','2015-01-14 10:01:18','2015-01-14 10:01:18'),(39,'exercitationem','2015-01-14 10:01:18','2015-01-14 10:01:18'),(40,'expedita','2015-01-14 10:01:18','2015-01-14 10:01:18'),(41,'facilis','2015-01-15 22:52:59','2015-01-15 22:52:59'),(42,'officiis','2015-01-15 22:52:59','2015-01-15 22:52:59'),(43,'officiis','2015-01-15 22:52:59','2015-01-15 22:52:59'),(44,'vel','2015-01-15 22:52:59','2015-01-15 22:52:59'),(45,'magni','2015-01-15 22:52:59','2015-01-15 22:52:59'),(46,'sed','2015-01-15 22:52:59','2015-01-15 22:52:59'),(47,'animi','2015-01-15 22:52:59','2015-01-15 22:52:59'),(48,'quisquam','2015-01-15 22:52:59','2015-01-15 22:52:59'),(49,'fugit','2015-01-15 22:53:00','2015-01-15 22:53:00'),(50,'odit','2015-01-15 22:53:00','2015-01-15 22:53:00'),(51,'natus','2015-01-18 23:18:41','2015-01-18 23:18:41'),(52,'et','2015-01-18 23:18:41','2015-01-18 23:18:41'),(53,'at','2015-01-18 23:18:41','2015-01-18 23:18:41'),(54,'saepe','2015-01-18 23:18:41','2015-01-18 23:18:41'),(55,'vitae','2015-01-18 23:18:41','2015-01-18 23:18:41'),(56,'sit','2015-01-18 23:18:41','2015-01-18 23:18:41'),(57,'a','2015-01-18 23:18:41','2015-01-18 23:18:41'),(58,'modi','2015-01-18 23:18:41','2015-01-18 23:18:41'),(59,'suscipit','2015-01-18 23:18:41','2015-01-18 23:18:41'),(60,'aut','2015-01-18 23:18:41','2015-01-18 23:18:41'),(61,'quibusdam','2015-01-18 23:22:00','2015-01-18 23:22:00'),(62,'cumque','2015-01-18 23:22:00','2015-01-18 23:22:00'),(63,'repellendus','2015-01-18 23:22:00','2015-01-18 23:22:00'),(64,'laudantium','2015-01-18 23:22:00','2015-01-18 23:22:00'),(65,'soluta','2015-01-18 23:22:00','2015-01-18 23:22:00'),(66,'dolores','2015-01-18 23:22:00','2015-01-18 23:22:00'),(67,'accusantium','2015-01-18 23:22:00','2015-01-18 23:22:00'),(68,'ullam','2015-01-18 23:22:00','2015-01-18 23:22:00'),(69,'nam','2015-01-18 23:22:00','2015-01-18 23:22:00'),(70,'officiis','2015-01-18 23:22:00','2015-01-18 23:22:00'),(71,'sed','2015-01-18 23:23:06','2015-01-18 23:23:06'),(72,'voluptatum','2015-01-18 23:23:06','2015-01-18 23:23:06'),(73,'quia','2015-01-18 23:23:06','2015-01-18 23:23:06'),(74,'alias','2015-01-18 23:23:06','2015-01-18 23:23:06'),(75,'adipisci','2015-01-18 23:23:06','2015-01-18 23:23:06'),(76,'quo','2015-01-18 23:23:06','2015-01-18 23:23:06'),(77,'ullam','2015-01-18 23:23:06','2015-01-18 23:23:06'),(78,'corporis','2015-01-18 23:23:06','2015-01-18 23:23:06'),(79,'culpa','2015-01-18 23:23:06','2015-01-18 23:23:06'),(80,'voluptatum','2015-01-18 23:23:06','2015-01-18 23:23:06'),(81,'omnis','2015-01-18 23:25:04','2015-01-18 23:25:04'),(82,'exercitationem','2015-01-18 23:25:04','2015-01-18 23:25:04'),(83,'consequatur','2015-01-18 23:25:04','2015-01-18 23:25:04'),(84,'nam','2015-01-18 23:25:04','2015-01-18 23:25:04'),(85,'natus','2015-01-18 23:25:04','2015-01-18 23:25:04'),(86,'enim','2015-01-18 23:25:04','2015-01-18 23:25:04'),(87,'aliquid','2015-01-18 23:25:05','2015-01-18 23:25:05'),(88,'soluta','2015-01-18 23:25:05','2015-01-18 23:25:05'),(89,'est','2015-01-18 23:25:05','2015-01-18 23:25:05'),(90,'sit','2015-01-18 23:25:05','2015-01-18 23:25:05'),(91,'dicta','2015-01-18 23:31:12','2015-01-18 23:31:12'),(92,'rerum','2015-01-18 23:31:12','2015-01-18 23:31:12'),(93,'nulla','2015-01-18 23:31:12','2015-01-18 23:31:12'),(94,'accusantium','2015-01-18 23:31:12','2015-01-18 23:31:12'),(95,'consectetur','2015-01-18 23:31:12','2015-01-18 23:31:12'),(96,'quasi','2015-01-18 23:31:12','2015-01-18 23:31:12'),(97,'quos','2015-01-18 23:31:13','2015-01-18 23:31:13'),(98,'odio','2015-01-18 23:31:13','2015-01-18 23:31:13'),(99,'adipisci','2015-01-18 23:31:13','2015-01-18 23:31:13'),(100,'dolor','2015-01-18 23:31:13','2015-01-18 23:31:13'),(101,'sit','2015-01-19 22:23:41','2015-01-19 22:23:41'),(102,'laborum','2015-01-19 22:23:41','2015-01-19 22:23:41'),(103,'vero','2015-01-19 22:23:41','2015-01-19 22:23:41'),(104,'necessitatibus','2015-01-19 22:23:41','2015-01-19 22:23:41'),(105,'perferendis','2015-01-19 22:23:41','2015-01-19 22:23:41'),(106,'voluptatibus','2015-01-19 22:23:41','2015-01-19 22:23:41'),(107,'omnis','2015-01-19 22:23:41','2015-01-19 22:23:41'),(108,'rem','2015-01-19 22:23:41','2015-01-19 22:23:41'),(109,'incidunt','2015-01-19 22:23:41','2015-01-19 22:23:41'),(110,'sunt','2015-01-19 22:23:41','2015-01-19 22:23:41'),(111,'in','2015-01-19 22:26:26','2015-01-19 22:26:26'),(112,'perspiciatis','2015-01-19 22:26:26','2015-01-19 22:26:26'),(113,'ducimus','2015-01-19 22:26:26','2015-01-19 22:26:26'),(114,'nemo','2015-01-19 22:26:26','2015-01-19 22:26:26'),(115,'optio','2015-01-19 22:26:26','2015-01-19 22:26:26'),(116,'sit','2015-01-19 22:26:26','2015-01-19 22:26:26'),(117,'consequatur','2015-01-19 22:26:26','2015-01-19 22:26:26'),(118,'sit','2015-01-19 22:26:26','2015-01-19 22:26:26'),(119,'molestiae','2015-01-19 22:26:26','2015-01-19 22:26:26'),(120,'aut','2015-01-19 22:26:26','2015-01-19 22:26:26'),(121,'dolorum','2015-02-08 02:16:06','2015-02-08 02:16:06'),(122,'debitis','2015-02-08 02:16:06','2015-02-08 02:16:06'),(123,'magnam','2015-02-08 02:16:06','2015-02-08 02:16:06'),(124,'ut','2015-02-08 02:16:06','2015-02-08 02:16:06'),(125,'recusandae','2015-02-08 02:16:07','2015-02-08 02:16:07'),(126,'qui','2015-02-08 02:16:07','2015-02-08 02:16:07'),(127,'ipsa','2015-02-08 02:16:07','2015-02-08 02:16:07'),(128,'qui','2015-02-08 02:16:07','2015-02-08 02:16:07'),(129,'vitae','2015-02-08 02:16:07','2015-02-08 02:16:07'),(130,'aperiam','2015-02-08 02:16:07','2015-02-08 02:16:07'),(131,'pariatur','2015-02-08 02:16:52','2015-02-08 02:16:52'),(132,'sint','2015-02-08 02:16:52','2015-02-08 02:16:52'),(133,'enim','2015-02-08 02:16:53','2015-02-08 02:16:53'),(134,'voluptatem','2015-02-08 02:16:53','2015-02-08 02:16:53'),(135,'aut','2015-02-08 02:16:53','2015-02-08 02:16:53'),(136,'et','2015-02-08 02:16:53','2015-02-08 02:16:53'),(137,'et','2015-02-08 02:16:53','2015-02-08 02:16:53'),(138,'suscipit','2015-02-08 02:16:53','2015-02-08 02:16:53'),(139,'pariatur','2015-02-08 02:16:53','2015-02-08 02:16:53'),(140,'voluptatibus','2015-02-08 02:16:53','2015-02-08 02:16:53'),(141,'soluta','2015-03-11 01:57:11','2015-03-11 01:57:11'),(142,'minus','2015-03-11 01:57:11','2015-03-11 01:57:11'),(143,'aliquid','2015-03-11 01:57:11','2015-03-11 01:57:11'),(144,'laboriosam','2015-03-11 01:57:11','2015-03-11 01:57:11'),(145,'iusto','2015-03-11 01:57:11','2015-03-11 01:57:11'),(146,'aliquam','2015-03-11 01:57:11','2015-03-11 01:57:11'),(147,'unde','2015-03-11 01:57:11','2015-03-11 01:57:11'),(148,'non','2015-03-11 01:57:11','2015-03-11 01:57:11'),(149,'asperiores','2015-03-11 01:57:11','2015-03-11 01:57:11'),(150,'dolorem','2015-03-11 01:57:11','2015-03-11 01:57:11'),(151,'alias','2015-03-19 05:49:23','2015-03-19 05:49:23'),(152,'occaecati','2015-03-19 05:49:23','2015-03-19 05:49:23'),(153,'doloremque','2015-03-19 05:49:23','2015-03-19 05:49:23'),(154,'officiis','2015-03-19 05:49:23','2015-03-19 05:49:23'),(155,'voluptatum','2015-03-19 05:49:23','2015-03-19 05:49:23'),(156,'eaque','2015-03-19 05:49:23','2015-03-19 05:49:23'),(157,'vitae','2015-03-19 05:49:23','2015-03-19 05:49:23'),(158,'veniam','2015-03-19 05:49:23','2015-03-19 05:49:23'),(159,'et','2015-03-19 05:49:23','2015-03-19 05:49:23'),(160,'a','2015-03-19 05:49:23','2015-03-19 05:49:23'),(161,'dicta','2015-03-19 05:49:52','2015-03-19 05:49:52'),(162,'itaque','2015-03-19 05:49:52','2015-03-19 05:49:52'),(163,'molestias','2015-03-19 05:49:52','2015-03-19 05:49:52'),(164,'tenetur','2015-03-19 05:49:52','2015-03-19 05:49:52'),(165,'libero','2015-03-19 05:49:52','2015-03-19 05:49:52'),(166,'velit','2015-03-19 05:49:52','2015-03-19 05:49:52'),(167,'fuga','2015-03-19 05:49:52','2015-03-19 05:49:52'),(168,'fugiat','2015-03-19 05:49:52','2015-03-19 05:49:52'),(169,'dolorem','2015-03-19 05:49:52','2015-03-19 05:49:52'),(170,'et','2015-03-19 05:49:52','2015-03-19 05:49:52'),(171,'iusto','2015-03-19 05:51:15','2015-03-19 05:51:15'),(172,'voluptas','2015-03-19 05:51:15','2015-03-19 05:51:15'),(173,'occaecati','2015-03-19 05:51:15','2015-03-19 05:51:15'),(174,'eius','2015-03-19 05:51:15','2015-03-19 05:51:15'),(175,'voluptas','2015-03-19 05:51:15','2015-03-19 05:51:15'),(176,'cupiditate','2015-03-19 05:51:15','2015-03-19 05:51:15'),(177,'sunt','2015-03-19 05:51:15','2015-03-19 05:51:15'),(178,'itaque','2015-03-19 05:51:15','2015-03-19 05:51:15'),(179,'incidunt','2015-03-19 05:51:15','2015-03-19 05:51:15'),(180,'ipsa','2015-03-19 05:51:15','2015-03-19 05:51:15'),(181,'repellendus','2015-03-19 05:51:33','2015-03-19 05:51:33'),(182,'incidunt','2015-03-19 05:51:33','2015-03-19 05:51:33'),(183,'inventore','2015-03-19 05:51:33','2015-03-19 05:51:33'),(184,'ut','2015-03-19 05:51:33','2015-03-19 05:51:33'),(185,'aperiam','2015-03-19 05:51:33','2015-03-19 05:51:33'),(186,'ipsum','2015-03-19 05:51:33','2015-03-19 05:51:33'),(187,'qui','2015-03-19 05:51:33','2015-03-19 05:51:33'),(188,'adipisci','2015-03-19 05:51:33','2015-03-19 05:51:33'),(189,'sunt','2015-03-19 05:51:33','2015-03-19 05:51:33'),(190,'alias','2015-03-19 05:51:33','2015-03-19 05:51:33'),(191,'et','2015-03-19 05:54:32','2015-03-19 05:54:32'),(192,'sunt','2015-03-19 05:54:32','2015-03-19 05:54:32'),(193,'amet','2015-03-19 05:54:32','2015-03-19 05:54:32'),(194,'voluptatum','2015-03-19 05:54:32','2015-03-19 05:54:32'),(195,'eum','2015-03-19 05:54:32','2015-03-19 05:54:32'),(196,'ad','2015-03-19 05:54:32','2015-03-19 05:54:32'),(197,'ratione','2015-03-19 05:54:32','2015-03-19 05:54:32'),(198,'similique','2015-03-19 05:54:32','2015-03-19 05:54:32'),(199,'dolores','2015-03-19 05:54:32','2015-03-19 05:54:32'),(200,'soluta','2015-03-19 05:54:32','2015-03-19 05:54:32'),(201,'officiis','2015-03-19 06:00:22','2015-03-19 06:00:22'),(202,'adipisci','2015-03-19 06:00:22','2015-03-19 06:00:22'),(203,'vel','2015-03-19 06:00:22','2015-03-19 06:00:22'),(204,'est','2015-03-19 06:00:22','2015-03-19 06:00:22'),(205,'eos','2015-03-19 06:00:22','2015-03-19 06:00:22'),(206,'et','2015-03-19 06:00:22','2015-03-19 06:00:22'),(207,'laborum','2015-03-19 06:00:22','2015-03-19 06:00:22'),(208,'nulla','2015-03-19 06:00:22','2015-03-19 06:00:22'),(209,'enim','2015-03-19 06:00:22','2015-03-19 06:00:22'),(210,'dolorem','2015-03-19 06:00:22','2015-03-19 06:00:22'),(211,'modi','2015-03-19 06:35:08','2015-03-19 06:35:08'),(212,'deserunt','2015-03-19 06:35:08','2015-03-19 06:35:08'),(213,'vero','2015-03-19 06:35:08','2015-03-19 06:35:08'),(214,'non','2015-03-19 06:35:08','2015-03-19 06:35:08'),(215,'ex','2015-03-19 06:35:08','2015-03-19 06:35:08'),(216,'quisquam','2015-03-19 06:35:08','2015-03-19 06:35:08'),(217,'perspiciatis','2015-03-19 06:35:08','2015-03-19 06:35:08'),(218,'id','2015-03-19 06:35:08','2015-03-19 06:35:08'),(219,'beatae','2015-03-19 06:35:08','2015-03-19 06:35:08'),(220,'consectetur','2015-03-19 06:35:08','2015-03-19 06:35:08');
/*!40000 ALTER TABLE `categories` ENABLE KEYS */;
UNLOCK TABLES;

--
-- Table structure for table `courses`
--

DROP TABLE IF EXISTS `courses`;
/*!40101 SET @saved_cs_client     = @@character_set_client */;
/*!40101 SET character_set_client = utf8 */;
CREATE TABLE `courses` (
  `id` int(10) unsigned NOT NULL AUTO_INCREMENT,
  `description` longtext COLLATE utf8_unicode_ci NOT NULL,
  `note` text COLLATE utf8_unicode_ci NOT NULL,
  `startTime` time NOT NULL,
  `endTime` time NOT NULL,
  `startDate` date NOT NULL,
  `endDate` date NOT NULL,
  `fee` int(11) NOT NULL,
  `photo` varchar(255) COLLATE utf8_unicode_ci NOT NULL,
  `user_id` int(10) unsigned NOT NULL,
  `created_at` timestamp NOT NULL DEFAULT '0000-00-00 00:00:00',
  `updated_at` timestamp NOT NULL DEFAULT '0000-00-00 00:00:00',
  `name` varchar(255) COLLATE utf8_unicode_ci NOT NULL,
  PRIMARY KEY (`id`),
  KEY `course_user_id_foreign` (`user_id`),
  CONSTRAINT `course_user_id_foreign` FOREIGN KEY (`user_id`) REFERENCES `users` (`id`) ON DELETE CASCADE
) ENGINE=InnoDB AUTO_INCREMENT=21 DEFAULT CHARSET=utf8 COLLATE=utf8_unicode_ci;
/*!40101 SET character_set_client = @saved_cs_client */;

--
-- Dumping data for table `courses`
--

LOCK TABLES `courses` WRITE;
/*!40000 ALTER TABLE `courses` DISABLE KEYS */;
INSERT INTO `courses` VALUES (1,'Odio dolorem quis rerum ullam. Corrupti sunt est voluptatibus accusamus est ratione ducimus. Ea non id est cupiditate ipsa sunt.','Sint eum hic aut.','00:23:29','06:52:32','1986-03-30','1983-10-07',33226,'4029e1f9809eb521a1e8ae6fc6b2fa10.jpg',8,'2015-03-19 06:35:14','2015-03-19 06:35:14','Rerum sapiente consectetur velit corrupti.'),(2,'Possimus ab dolorem et id. Eveniet fugiat quasi magni ex ut fugit ut. Exercitationem odit veritatis id dolores rerum earum.','Quo ad deleniti harum quibusdam voluptatem qui. Qui sint quo odio.','07:15:29','15:30:16','1977-10-25','1992-09-13',98830,'aa8074d63b5f290d4baf07571949c2cf.jpg',10,'2015-03-19 06:35:17','2015-03-19 06:35:17','Quo placeat non delectus non.'),(3,'Autem sit optio cumque molestiae ipsum. Dicta ut qui sapiente magnam iste aut aut. Est dolor nihil asperiores nihil quia at ut quam. Molestiae non quo consequatur porro.','Aut repellendus commodi ut porro atque reprehenderit incidunt. A natus nihil magnam dolores vitae.','23:03:52','22:50:32','2003-01-30','1998-07-10',43105,'244ab79422bee04d1b93dbbb43aa7197.jpg',8,'2015-03-19 06:35:20','2015-03-19 06:35:20','Iure et enim incidunt.'),(4,'Dolore dolore ut deserunt consequuntur quod ut. Ea laboriosam quisquam quam odio consectetur. Corrupti ipsam est soluta fugiat. Fuga velit dolorum vel dolores aliquam amet blanditiis.','Id voluptas autem molestias iste ipsum. Distinctio quibusdam ullam quo est a.','21:00:13','03:05:39','1988-10-08','2015-02-10',49406,'6cfa3c0be368d00b96336996faf5b271.jpg',5,'2015-03-19 06:35:24','2015-03-19 06:35:24','Aliquid ducimus fuga fugiat magni et voluptatem.'),(5,'Pariatur quo nostrum laudantium earum ratione voluptas voluptatum. Id atque veritatis velit ut tempore. Dolore voluptatem cum quis nobis qui maiores provident. Ducimus voluptatum ipsam occaecati quo quas porro.','Enim sapiente consectetur et sed beatae est magnam. Debitis alias est et corrupti odit.','09:55:40','04:56:22','1998-03-22','1984-05-23',5626,'8a9e3aa50701538e1a298a390e5dc918.jpg',7,'2015-03-19 06:35:25','2015-03-19 06:35:25','Velit porro adipisci accusantium quia.'),(6,'Eius mollitia velit nihil architecto et. Atque et exercitationem et laboriosam aut. Deserunt deserunt beatae porro tempore quis. Sunt cumque maxime placeat officiis cum molestias et asperiores. Tempore aut modi quaerat.','Voluptate et dolore dolor molestiae magni distinctio veniam alias. Architecto corporis enim excepturi et veniam harum.','20:40:12','18:27:07','2008-12-01','1999-03-31',77783,'37f00f776a723d81d40217ee1d39dac8.jpg',1,'2015-03-19 06:35:28','2015-03-19 06:35:28','Similique est et tempora totam.'),(7,'Et ut consequatur quam dolorem quibusdam nam. Voluptatem dolorum omnis porro sed. Sit nobis sed nemo et ex. Qui sint voluptatem perferendis fugiat.','Eveniet error explicabo quasi commodi.','19:42:57','10:56:03','2005-01-12','1982-11-08',59281,'4dda3b04ef3bc9e2202254fbbfce96d0.jpg',1,'2015-03-19 06:35:31','2015-03-19 06:35:31','Optio nihil natus aut doloribus nulla quia.'),(8,'Eum iste veritatis quae. Beatae consequatur odio aut officia. Eveniet et et et sit sit vel facilis. Cumque quia quae omnis incidunt quo nobis voluptatibus.','Fugit eius odit occaecati a ratione qui asperiores sit.','03:49:11','13:48:35','2008-09-06','2003-02-23',32422,'16a68a7f4f00bbb15d5b457dc2560db9.jpg',10,'2015-03-19 06:35:33','2015-03-19 06:35:33','Nesciunt ut labore et.'),(9,'Inventore distinctio est velit doloremque distinctio rerum et. Eius omnis sit aliquid qui autem sed nulla. Vel perferendis atque aut repudiandae veniam. Quaerat tempore qui omnis dicta.','Mollitia harum qui et sit magnam eveniet.','23:02:17','22:48:17','1984-03-08','2002-03-31',93060,'60cfe7b5a15058470f4727164d062d1c.jpg',6,'2015-03-19 06:35:35','2015-03-19 06:35:35','Rerum nesciunt quia illo voluptatem libero.'),(10,'Dignissimos earum vel vitae facere nihil excepturi. Consequuntur iusto ipsum temporibus accusantium. Aliquam veniam officia temporibus nesciunt enim minima et similique.','Sint quas dolore necessitatibus. Consequatur quae et alias voluptatum accusantium doloribus.','18:57:32','13:56:02','1998-10-18','2009-12-02',15409,'3f0613f1d9a3ebc4b3d403d058d15790.jpg',6,'2015-03-19 06:35:38','2015-03-19 06:35:38','Quisquam aperiam explicabo velit ut.'),(11,'Voluptatum tempore et natus fugit. Architecto molestias est eum in ut et sit. Neque et tempora et facere. Aliquam impedit voluptatem accusamus molestiae eveniet libero autem.','Libero omnis et in voluptatum qui nam aut quisquam. Tempore facilis molestias aut possimus quis.','13:34:47','18:47:08','2005-01-06','2000-02-17',37539,'3f0613f1d9a3ebc4b3d403d058d15790.jpg',11,'2015-03-19 06:35:38','2015-03-19 06:35:38','Aperiam sit praesentium quaerat dolorem aut.'),(12,'Et eum et expedita delectus laudantium quibusdam ut. Sed vel animi vitae eos impedit ut et. Et quo quia soluta est ipsum. Dolorum id et blanditiis.','Earum tenetur accusamus velit sunt ea et. Et a aut molestiae quia ipsam repudiandae quidem.','20:56:27','16:58:23','1999-12-19','2001-05-08',41746,'Reprehenderit cum.',11,'2015-03-19 06:35:38','2015-03-19 06:35:38','Id odio doloremque praesentium dolor.'),(13,'Ratione excepturi qui molestias nobis ipsa quae qui unde. Nemo vel a quo consequatur.','Animi quia et quia numquam qui perspiciatis explicabo est. Adipisci autem recusandae qui sit.','02:59:39','15:37:41','1989-08-28','1976-07-30',39924,'Quibusdam ipsum quia.',11,'2015-03-19 06:35:38','2015-03-19 06:35:38','Rerum sint reiciendis eligendi voluptas repudiandae.'),(14,'Ut eos quis et et adipisci nesciunt ea. Minima voluptates ipsum quis assumenda ut iure minus. Laboriosam doloremque occaecati laboriosam voluptatum cupiditate alias.','Accusantium voluptatum consequatur sequi aut quos exercitationem maiores. Rem corporis earum sequi ab qui.','18:03:26','03:06:41','1981-07-02','2007-05-27',25997,'60cfe7b5a15058470f4727164d062d1c.jpg',11,'2015-03-19 06:35:38','2015-03-19 06:35:38','Qui et aliquid ullam.'),(15,'Distinctio enim ipsum et quis. Voluptate quaerat magnam quis maxime repellat dicta qui. Sit recusandae nemo quod soluta. Laudantium deserunt ad provident at pariatur dolores.','Impedit voluptatem cupiditate explicabo reiciendis. In quidem quibusdam nisi porro repudiandae sit.','17:46:47','06:53:13','1974-04-20','1991-09-30',61940,'60cfe7b5a15058470f4727164d062d1c.jpg',11,'2015-03-19 06:35:38','2015-03-19 06:35:38','Necessitatibus doloribus qui consequatur est quaerat.'),(16,'Dolor sit omnis non tempore dolorum quibusdam quidem delectus. Reiciendis molestiae soluta aut exercitationem cumque natus et. Maiores id eos molestiae et.','Quam aut ad distinctio consequuntur. Recusandae libero nam maxime rerum omnis fugit odio.','13:26:46','15:51:49','1988-03-16','1998-11-01',16384,'60cfe7b5a15058470f4727164d062d1c.jpg',11,'2015-03-19 06:35:38','2015-03-19 06:35:38','Blanditiis ex odit quisquam non esse.'),(17,'How to influence fri.','Change note','20:30:00','20:30:00','2015-03-25','2015-03-28',16000,'1426773266-3.jpg',11,'2015-03-19 07:24:26','2015-03-19 07:24:26','SoundLikeShow'),(18,'How to Change the World','How to Change the World','20:30:00','20:30:00','2015-03-20','2015-03-26',80000,'',11,'2015-03-19 07:29:07','2015-03-19 07:29:07','How to Change the World'),(19,'Make the world a better place.','Make the world a better place.','20:30:00','20:30:00','2015-03-20','2015-03-30',16000,'1426773661-38.jpg',11,'2015-03-19 07:31:01','2015-03-19 07:31:01','Make the world a better place.'),(20,'Make the world a better place.','Make the world a better place.','20:30:00','20:30:00','2015-03-20','2015-03-30',16000,'1426773694-38.jpg',11,'2015-03-19 07:31:34','2015-03-19 07:31:34','Make the world a better place.');
/*!40000 ALTER TABLE `courses` ENABLE KEYS */;
UNLOCK TABLES;

--
-- Table structure for table `migrations`
--

DROP TABLE IF EXISTS `migrations`;
/*!40101 SET @saved_cs_client     = @@character_set_client */;
/*!40101 SET character_set_client = utf8 */;
CREATE TABLE `migrations` (
  `migration` varchar(255) COLLATE utf8_unicode_ci NOT NULL,
  `batch` int(11) NOT NULL
) ENGINE=InnoDB DEFAULT CHARSET=utf8 COLLATE=utf8_unicode_ci;
/*!40101 SET character_set_client = @saved_cs_client */;

--
-- Dumping data for table `migrations`
--

LOCK TABLES `migrations` WRITE;
/*!40000 ALTER TABLE `migrations` DISABLE KEYS */;
INSERT INTO `migrations` VALUES ('2015_01_06_100014_create_users_table',1),('2015_01_07_051525_creat_course_table',1),('2015_01_07_054815_change_course_to_courses',1),('2015_01_08_025036_create_categories_table',1),('2015_01_08_044400_add_name_field',1),('2015_01_13_171539_add_remembertoken_to_user',2),('2015_01_16_051611_add_address_to_uses_table',3);
/*!40000 ALTER TABLE `migrations` ENABLE KEYS */;
UNLOCK TABLES;

--
-- Table structure for table `users`
--

DROP TABLE IF EXISTS `users`;
/*!40101 SET @saved_cs_client     = @@character_set_client */;
/*!40101 SET character_set_client = utf8 */;
CREATE TABLE `users` (
  `id` int(10) unsigned NOT NULL AUTO_INCREMENT,
  `name` varchar(255) COLLATE utf8_unicode_ci NOT NULL,
  `password` varchar(255) COLLATE utf8_unicode_ci NOT NULL,
  `email` varchar(255) COLLATE utf8_unicode_ci NOT NULL,
  `intro` text COLLATE utf8_unicode_ci NOT NULL,
  `created_at` timestamp NOT NULL DEFAULT '0000-00-00 00:00:00',
  `updated_at` timestamp NOT NULL DEFAULT '0000-00-00 00:00:00',
  `remember_token` varchar(100) COLLATE utf8_unicode_ci DEFAULT NULL,
  `address` varchar(255) COLLATE utf8_unicode_ci NOT NULL,
  PRIMARY KEY (`id`),
  UNIQUE KEY `users_name_unique` (`name`)
) ENGINE=InnoDB AUTO_INCREMENT=12 DEFAULT CHARSET=utf8 COLLATE=utf8_unicode_ci;
/*!40101 SET character_set_client = @saved_cs_client */;

--
-- Dumping data for table `users`
--

LOCK TABLES `users` WRITE;
/*!40000 ALTER TABLE `users` DISABLE KEYS */;
INSERT INTO `users` VALUES (1,'Nannie86','$2y$10$DKR14MA8FpfS/QUa2AZbFu3iQz3xIq9fLbHS1aYyb8yoe.8B0lYBO','Winona.Hackett@Monahan.com','Unde assumenda minima dolores quis. Eum assumenda eos vel quia unde.','2015-03-19 06:35:07','2015-03-19 06:35:07',NULL,'07507 Will Lake\nNew Kathlynview, CO 18294-7474'),(2,'Jenkins.Beryl','$2y$10$52kNYXFsA4HkUhljETZueORY14TnIauUr5zuyT1yoEiWRLNUoimU.','Katlyn08@yahoo.com','In aperiam quasi et velit. Aut occaecati quia quam nemo dignissimos blanditiis dolor omnis. Reiciendis molestias qui sed autem sed nihil omnis provident. A natus voluptatem omnis sed iure.','2015-03-19 06:35:07','2015-03-19 06:35:07',NULL,'5052 Margarita Inlet Apt. 034\nEast Adrain, AR 39637-7766'),(3,'hReichert','$2y$10$nzxj0umu.2ZP/fxUHS6Btu.k3tm0/m9wF5dGMUtPryHX4WyCdRbhu','Luettgen.Marquise@Kiehn.com','Nihil totam quis ducimus aut. Rerum adipisci temporibus possimus sunt. Eos non tempora voluptas. Est soluta ipsam ducimus est porro quasi nesciunt.','2015-03-19 06:35:07','2015-03-19 06:35:07',NULL,'401 Dicki Avenue\nJillianshire, VT 17788'),(4,'Cornelius14','$2y$10$VSrbiJ8ncW1WBUY9/gQEA.HODVvEBmEwdKPFIWweRiE3SPwV6uYW.','cMcLaughlin@Cummings.org','Quod mollitia quasi minima id magnam iure non. Nulla accusamus quis vitae deserunt voluptas. Voluptatem earum natus veniam nihil delectus. Odio repellendus debitis non.','2015-03-19 06:35:07','2015-03-19 06:35:07',NULL,'4491 Kuhlman Pine\nZiemannport, AL 48704'),(5,'pOkuneva','$2y$10$OYCq.epUKa97jolRInp0A.nWx8dlJPV3fjELhQ/avZqESmBK4RDBa','oMarvin@hotmail.com','Eum repellendus eum exercitationem aspernatur itaque. Et aliquam assumenda voluptatem hic molestias quidem. Deserunt expedita deleniti facilis sunt fuga velit velit. Impedit quibusdam ratione nostrum consectetur eius.','2015-03-19 06:35:07','2015-03-19 06:35:07',NULL,'663 Darrick Terrace\nJuniusborough, DC 00914'),(6,'Erik.Walsh','$2y$10$NlOBNNS3wZ6GAKoUqovnCeAfmyY9p6HXmTVh7.S9aTqtcTTzMdwIu','Kristian68@gmail.com','Vel dolorum at architecto ut ullam omnis. Sed sequi quia labore similique asperiores et ipsum. Voluptas nihil optio quia voluptatem excepturi.','2015-03-19 06:35:08','2015-03-19 06:35:08',NULL,'5051 Braun Turnpike\nLake Kitty, NC 04763'),(7,'Aimee.Schaefer','$2y$10$n4Svu/Nrplh2FYjJ/YBMy.y0FVPJy/.arD6.tBvul.um4V/TrhyGy','Kennith.Runte@Rutherford.com','Libero consequatur fugit officiis ipsa. Aut ut quos et architecto nulla quod id facilis. Alias magnam dolorem sed est enim ea. Dolores sequi ex et dolor quo et.','2015-03-19 06:35:08','2015-03-19 06:35:08',NULL,'44132 Littel Brook\nNew Mallieton, NJ 87552'),(8,'Ayana.Friesen','$2y$10$btiN5qThsUo3QZ4F/8/QRuSL9W5zTPAZ2n5Yf2mzhe7Ru/z9VwskG','Jaclyn.Schroeder@yahoo.com','Nobis aut quia nemo maiores ea et sed. Quia accusamus qui quae occaecati doloribus ut dolore. Aspernatur sed voluptatem et sunt rem ut quam consectetur. Ut dicta saepe culpa. Quaerat ut modi sunt voluptatem dolorem soluta.','2015-03-19 06:35:08','2015-03-19 06:35:08',NULL,'36327 Kaela Corner Apt. 466\nEast Eladio, RI 75276'),(9,'Judson85','$2y$10$kih0E7Sj6uI03Zgz8Pd1Ne62Jpd70Bjdk5sTGpFvJJzUSZC9q9Ike','Aiyana.Botsford@Howe.biz','Eius ratione dolores ullam saepe. Voluptas odit perspiciatis nulla animi. Odit animi omnis tempora beatae. Et repellendus fuga quod fugit vel ratione.','2015-03-19 06:35:08','2015-03-19 06:35:08',NULL,'1753 Heidenreich Forest\nBrakustown, IA 67449-7351'),(10,'Aric.Stamm','$2y$10$FSxNlAgROIKmOgmg2IOeaeMkRwsz67l800OI6yHm/YhR4567VOTcO','cCartwright@hotmail.com','Nihil fugit voluptas non minima officiis quod. Consequatur sequi distinctio ipsam repudiandae reiciendis. Deleniti quae quam voluptates natus et non. Dolor delectus explicabo qui et ut molestiae. Dolores praesentium blanditiis saepe a deserunt quam.','2015-03-19 06:35:08','2015-03-19 06:35:08',NULL,'92708 Gibson Fork\nSchillerport, WY 55668'),(11,'MinSan','$2y$10$BrzLmPqzY0OWbJ3alSH6he2Wdsbpqs.Ly79Oq3vtqKWgKKdfy2ocm','minsan@gmail.com','Voluptatem iure facere sed porro consectetur. Aliquam laboriosam sit fugiat ut totam est earum ex. Praesentium soluta rerum omnis est laboriosam eum repudiandae. Ad est velit molestiae atque tempore.','2015-03-19 06:35:08','2015-03-19 07:33:35','kLthOxnrstTJ9nGHrRMaHJ3GCJD2Rz3HdsHxIPWliI1Vl4qjdxBKzjSwEpgX','682 Hyatt Rapids\nNew Rubymouth, IA 77019');
/*!40000 ALTER TABLE `users` ENABLE KEYS */;
UNLOCK TABLES;
/*!40103 SET TIME_ZONE=@OLD_TIME_ZONE */;

/*!40101 SET SQL_MODE=@OLD_SQL_MODE */;
/*!40014 SET FOREIGN_KEY_CHECKS=@OLD_FOREIGN_KEY_CHECKS */;
/*!40014 SET UNIQUE_CHECKS=@OLD_UNIQUE_CHECKS */;
/*!40101 SET CHARACTER_SET_CLIENT=@OLD_CHARACTER_SET_CLIENT */;
/*!40101 SET CHARACTER_SET_RESULTS=@OLD_CHARACTER_SET_RESULTS */;
/*!40101 SET COLLATION_CONNECTION=@OLD_COLLATION_CONNECTION */;
/*!40111 SET SQL_NOTES=@OLD_SQL_NOTES */;

-- Dump completed on 2015-03-20 22:51:46
